Compound,Negative,Neutral,Positive,Tweet Count,User
0.0,0.0,1.0,0.0,1,@BBCWorld
0.0,0.0,1.0,0.0,2,@BBCWorld
0.0,0.0,1.0,0.0,3,@BBCWorld
-0.34,0.138,0.862,0.0,4,@BBCWorld
-0.34,0.138,0.862,0.0,5,@BBCWorld
0.0,0.0,1.0,0.0,6,@BBCWorld
-0.4215,0.189,0.811,0.0,7,@BBCWorld
-0.34,0.138,0.862,0.0,8,@BBCWorld
-0.4995,0.222,0.67,0.108,9,@BBCWorld
-0.4215,0.189,0.811,0.0,10,@BBCWorld
0.0,0.0,1.0,0.0,11,@BBCWorld
-0.85,0.303,0.697,0.0,12,@BBCWorld
0.0,0.0,1.0,0.0,13,@BBCWorld
-0.4215,0.189,0.811,0.0,14,@BBCWorld
-0.4995,0.222,0.67,0.108,15,@BBCWorld
0.6705,0.205,0.418,0.376,16,@BBCWorld
-0.4215,0.189,0.811,0.0,17,@BBCWorld
-0.4215,0.189,0.811,0.0,18,@BBCWorld
0.0,0.0,1.0,0.0,19,@BBCWorld
0.0,0.0,1.0,0.0,20,@BBCWorld
-0.4215,0.189,0.811,0.0,21,@BBCWorld
0.0,0.0,1.0,0.0,22,@BBCWorld
-0.8553,0.33,0.67,0.0,23,@BBCWorld
-0.9136,0.394,0.606,0.0,24,@BBCWorld
-0.4215,0.189,0.811,0.0,25,@BBCWorld
0.0,0.0,1.0,0.0,26,@BBCWorld
0.743,0.0,0.657,0.343,27,@BBCWorld
0.6166,0.0,0.705,0.295,28,@BBCWorld
-0.4215,0.189,0.811,0.0,29,@BBCWorld
0.3818,0.0,0.755,0.245,30,@BBCWorld
0.0,0.0,1.0,0.0,31,@BBCWorld
0.0,0.0,1.0,0.0,32,@BBCWorld
-0.4215,0.189,0.811,0.0,33,@BBCWorld
-0.7351,0.437,0.563,0.0,34,@BBCWorld
0.0,0.0,1.0,0.0,35,@BBCWorld
0.8225,0.0,0.542,0.458,36,@BBCWorld
0.0,0.0,1.0,0.0,37,@BBCWorld
0.0,0.0,1.0,0.0,38,@BBCWorld
0.0,0.0,1.0,0.0,39,@BBCWorld
0.0,0.0,1.0,0.0,40,@BBCWorld
-0.7783,0.405,0.595,0.0,41,@BBCWorld
0.0,0.0,1.0,0.0,42,@BBCWorld
-0.4767,0.237,0.763,0.0,43,@BBCWorld
0.0,0.0,1.0,0.0,44,@BBCWorld
0.0,0.0,1.0,0.0,45,@BBCWorld
-0.4939,0.286,0.714,0.0,46,@BBCWorld
-0.3182,0.113,0.887,0.0,47,@BBCWorld
0.0,0.0,1.0,0.0,48,@BBCWorld
0.0,0.0,1.0,0.0,49,@BBCWorld
-0.1027,0.123,0.877,0.0,50,@BBCWorld
-0.4995,0.222,0.67,0.108,51,@BBCWorld
0.0,0.0,1.0,0.0,52,@BBCWorld
0.0,0.0,1.0,0.0,53,@BBCWorld
0.0,0.0,1.0,0.0,54,@BBCWorld
0.0,0.0,1.0,0.0,55,@BBCWorld
-0.3182,0.187,0.813,0.0,56,@BBCWorld
0.0,0.0,1.0,0.0,57,@BBCWorld
0.0,0.0,1.0,0.0,58,@BBCWorld
-0.8591,0.543,0.457,0.0,59,@BBCWorld
-0.4019,0.252,0.748,0.0,60,@BBCWorld
0.0,0.0,1.0,0.0,61,@BBCWorld
-0.4215,0.189,0.811,0.0,62,@BBCWorld
-0.6908,0.251,0.749,0.0,63,@BBCWorld
-0.886,0.486,0.514,0.0,64,@BBCWorld
-0.4767,0.22,0.78,0.0,65,@BBCWorld
-0.4215,0.189,0.811,0.0,66,@BBCWorld
0.0,0.0,1.0,0.0,67,@BBCWorld
0.0,0.0,1.0,0.0,68,@BBCWorld
0.0,0.0,1.0,0.0,69,@BBCWorld
0.0,0.0,1.0,0.0,70,@BBCWorld
0.2732,0.191,0.522,0.287,71,@BBCWorld
0.0,0.0,1.0,0.0,72,@BBCWorld
0.6166,0.0,0.705,0.295,73,@BBCWorld
0.0,0.0,1.0,0.0,74,@BBCWorld
0.0,0.0,1.0,0.0,75,@BBCWorld
0.6166,0.0,0.705,0.295,76,@BBCWorld
-0.4215,0.189,0.811,0.0,77,@BBCWorld
-0.4215,0.189,0.811,0.0,78,@BBCWorld
0.0,0.0,1.0,0.0,79,@BBCWorld
0.0,0.0,1.0,0.0,80,@BBCWorld
-0.3182,0.113,0.887,0.0,81,@BBCWorld
0.0,0.0,1.0,0.0,82,@BBCWorld
0.0,0.0,1.0,0.0,83,@BBCWorld
-0.6908,0.251,0.749,0.0,84,@BBCWorld
0.0,0.0,1.0,0.0,85,@BBCWorld
-0.4215,0.189,0.811,0.0,86,@BBCWorld
0.5106,0.0,0.858,0.142,87,@BBCWorld
-0.4215,0.189,0.811,0.0,88,@BBCWorld
0.6705,0.0,0.703,0.297,89,@BBCWorld
0.0,0.0,1.0,0.0,90,@BBCWorld
0.0,0.0,1.0,0.0,91,@BBCWorld
0.0,0.0,1.0,0.0,92,@BBCWorld
-0.6249,0.291,0.709,0.0,93,@BBCWorld
0.0,0.0,1.0,0.0,94,@BBCWorld
0.0,0.0,1.0,0.0,95,@BBCWorld
-0.3125,0.161,0.839,0.0,96,@BBCWorld
0.0,0.0,1.0,0.0,97,@BBCWorld
-0.6908,0.251,0.749,0.0,98,@BBCWorld
0.0,0.0,1.0,0.0,99,@BBCWorld
-0.4215,0.189,0.811,0.0,100,@BBCWorld
0.0,0.0,1.0,0.0,101,@BBCWorld
0.0,0.0,1.0,0.0,102,@BBCWorld
0.0,0.0,1.0,0.0,103,@BBCWorld
-0.34,0.138,0.862,0.0,104,@BBCWorld
-0.34,0.138,0.862,0.0,105,@BBCWorld
0.0,0.0,1.0,0.0,106,@BBCWorld
-0.4215,0.189,0.811,0.0,107,@BBCWorld
-0.34,0.138,0.862,0.0,108,@BBCWorld
-0.4995,0.222,0.67,0.108,109,@BBCWorld
-0.4215,0.189,0.811,0.0,110,@BBCWorld
0.0,0.0,1.0,0.0,111,@BBCWorld
-0.85,0.303,0.697,0.0,112,@BBCWorld
0.0,0.0,1.0,0.0,113,@BBCWorld
-0.4215,0.189,0.811,0.0,114,@BBCWorld
-0.4995,0.222,0.67,0.108,115,@BBCWorld
0.6705,0.205,0.418,0.376,116,@BBCWorld
-0.4215,0.189,0.811,0.0,117,@BBCWorld
-0.4215,0.189,0.811,0.0,118,@BBCWorld
0.0,0.0,1.0,0.0,119,@BBCWorld
0.0,0.0,1.0,0.0,120,@BBCWorld
-0.4215,0.189,0.811,0.0,121,@BBCWorld
0.0,0.0,1.0,0.0,122,@BBCWorld
-0.8553,0.33,0.67,0.0,123,@BBCWorld
-0.9136,0.394,0.606,0.0,124,@BBCWorld
-0.4215,0.189,0.811,0.0,125,@BBCWorld
0.0,0.0,1.0,0.0,126,@BBCWorld
0.743,0.0,0.657,0.343,127,@BBCWorld
0.6166,0.0,0.705,0.295,128,@BBCWorld
-0.4215,0.189,0.811,0.0,129,@BBCWorld
0.3818,0.0,0.755,0.245,130,@BBCWorld
0.0,0.0,1.0,0.0,131,@BBCWorld
0.0,0.0,1.0,0.0,132,@BBCWorld
-0.4215,0.189,0.811,0.0,133,@BBCWorld
-0.7351,0.437,0.563,0.0,134,@BBCWorld
0.0,0.0,1.0,0.0,135,@BBCWorld
0.8225,0.0,0.542,0.458,136,@BBCWorld
0.0,0.0,1.0,0.0,137,@BBCWorld
0.0,0.0,1.0,0.0,138,@BBCWorld
0.0,0.0,1.0,0.0,139,@BBCWorld
0.0,0.0,1.0,0.0,140,@BBCWorld
-0.7783,0.405,0.595,0.0,141,@BBCWorld
0.0,0.0,1.0,0.0,142,@BBCWorld
-0.4767,0.237,0.763,0.0,143,@BBCWorld
0.0,0.0,1.0,0.0,144,@BBCWorld
0.0,0.0,1.0,0.0,145,@BBCWorld
-0.4939,0.286,0.714,0.0,146,@BBCWorld
-0.3182,0.113,0.887,0.0,147,@BBCWorld
0.0,0.0,1.0,0.0,148,@BBCWorld
0.0,0.0,1.0,0.0,149,@BBCWorld
-0.1027,0.123,0.877,0.0,150,@BBCWorld
-0.4995,0.222,0.67,0.108,151,@BBCWorld
0.0,0.0,1.0,0.0,152,@BBCWorld
0.0,0.0,1.0,0.0,153,@BBCWorld
0.0,0.0,1.0,0.0,154,@BBCWorld
0.0,0.0,1.0,0.0,155,@BBCWorld
-0.3182,0.187,0.813,0.0,156,@BBCWorld
0.0,0.0,1.0,0.0,157,@BBCWorld
0.0,0.0,1.0,0.0,158,@BBCWorld
-0.8591,0.543,0.457,0.0,159,@BBCWorld
-0.4019,0.252,0.748,0.0,160,@BBCWorld
0.0,0.0,1.0,0.0,161,@BBCWorld
-0.4215,0.189,0.811,0.0,162,@BBCWorld
-0.6908,0.251,0.749,0.0,163,@BBCWorld
-0.886,0.486,0.514,0.0,164,@BBCWorld
-0.4767,0.22,0.78,0.0,165,@BBCWorld
-0.4215,0.189,0.811,0.0,166,@BBCWorld
0.0,0.0,1.0,0.0,167,@BBCWorld
0.0,0.0,1.0,0.0,168,@BBCWorld
0.0,0.0,1.0,0.0,169,@BBCWorld
0.0,0.0,1.0,0.0,170,@BBCWorld
0.2732,0.191,0.522,0.287,171,@BBCWorld
0.0,0.0,1.0,0.0,172,@BBCWorld
0.6166,0.0,0.705,0.295,173,@BBCWorld
0.0,0.0,1.0,0.0,174,@BBCWorld
0.0,0.0,1.0,0.0,175,@BBCWorld
0.6166,0.0,0.705,0.295,176,@BBCWorld
-0.4215,0.189,0.811,0.0,177,@BBCWorld
-0.4215,0.189,0.811,0.0,178,@BBCWorld
0.0,0.0,1.0,0.0,179,@BBCWorld
0.0,0.0,1.0,0.0,180,@BBCWorld
-0.3182,0.113,0.887,0.0,181,@BBCWorld
0.0,0.0,1.0,0.0,182,@BBCWorld
0.0,0.0,1.0,0.0,183,@BBCWorld
-0.6908,0.251,0.749,0.0,184,@BBCWorld
0.0,0.0,1.0,0.0,185,@BBCWorld
-0.4215,0.189,0.811,0.0,186,@BBCWorld
0.5106,0.0,0.858,0.142,187,@BBCWorld
-0.4215,0.189,0.811,0.0,188,@BBCWorld
0.6705,0.0,0.703,0.297,189,@BBCWorld
0.0,0.0,1.0,0.0,190,@BBCWorld
0.0,0.0,1.0,0.0,191,@BBCWorld
0.0,0.0,1.0,0.0,192,@BBCWorld
-0.6249,0.291,0.709,0.0,193,@BBCWorld
0.0,0.0,1.0,0.0,194,@BBCWorld
0.0,0.0,1.0,0.0,195,@BBCWorld
-0.3125,0.161,0.839,0.0,196,@BBCWorld
0.0,0.0,1.0,0.0,197,@BBCWorld
-0.6908,0.251,0.749,0.0,198,@BBCWorld
0.0,0.0,1.0,0.0,199,@BBCWorld
-0.4215,0.189,0.811,0.0,200,@BBCWorld
0.0,0.0,1.0,0.0,201,@CBS
0.0,0.0,1.0,0.0,202,@CBS
0.0,0.0,1.0,0.0,203,@CBS
0.4003,0.0,0.881,0.119,204,@CBS
0.0,0.0,1.0,0.0,205,@CBS
0.296,0.0,0.761,0.239,206,@CBS
0.4003,0.0,0.881,0.119,207,@CBS
0.34,0.0,0.87,0.13,208,@CBS
0.0,0.0,1.0,0.0,209,@CBS
0.0,0.0,1.0,0.0,210,@CBS
-0.7088,0.252,0.656,0.092,211,@CBS
0.0,0.0,1.0,0.0,212,@CBS
0.0,0.0,1.0,0.0,213,@CBS
0.0,0.0,1.0,0.0,214,@CBS
-0.0258,0.121,0.762,0.117,215,@CBS
0.0,0.0,1.0,0.0,216,@CBS
-0.5214,0.194,0.806,0.0,217,@CBS
0.0,0.0,1.0,0.0,218,@CBS
0.0,0.0,1.0,0.0,219,@CBS
-0.5267,0.195,0.805,0.0,220,@CBS
-0.8217,0.655,0.345,0.0,221,@CBS
0.0,0.0,1.0,0.0,222,@CBS
0.0,0.0,1.0,0.0,223,@CBS
0.0,0.0,1.0,0.0,224,@CBS
0.6588,0.0,0.532,0.468,225,@CBS
-0.296,0.306,0.694,0.0,226,@CBS
-0.8103,0.317,0.683,0.0,227,@CBS
0.4449,0.0,0.883,0.117,228,@CBS
0.0,0.0,1.0,0.0,229,@CBS
-0.5423,0.212,0.788,0.0,230,@CBS
0.6249,0.0,0.785,0.215,231,@CBS
0.0,0.0,1.0,0.0,232,@CBS
0.0,0.0,1.0,0.0,233,@CBS
0.0,0.0,1.0,0.0,234,@CBS
0.4215,0.0,0.682,0.318,235,@CBS
0.8398,0.0,0.556,0.444,236,@CBS
0.6369,0.0,0.755,0.245,237,@CBS
-0.4588,0.16,0.84,0.0,238,@CBS
0.0,0.0,1.0,0.0,239,@CBS
-0.6808,0.277,0.723,0.0,240,@CBS
0.7351,0.0,0.592,0.408,241,@CBS
0.8164,0.0,0.695,0.305,242,@CBS
0.0,0.0,1.0,0.0,243,@CBS
0.5622,0.0,0.734,0.266,244,@CBS
0.0,0.0,1.0,0.0,245,@CBS
0.0,0.0,1.0,0.0,246,@CBS
0.5267,0.055,0.78,0.165,247,@CBS
0.0,0.0,1.0,0.0,248,@CBS
0.0,0.0,1.0,0.0,249,@CBS
-0.1511,0.336,0.385,0.279,250,@CBS
-0.3182,0.277,0.723,0.0,251,@CBS
0.0,0.0,1.0,0.0,252,@CBS
0.0,0.0,1.0,0.0,253,@CBS
0.0,0.0,1.0,0.0,254,@CBS
0.128,0.0,0.936,0.064,255,@CBS
0.0279,0.142,0.749,0.109,256,@CBS
0.0,0.0,1.0,0.0,257,@CBS
-0.4574,0.327,0.517,0.155,258,@CBS
0.0,0.0,1.0,0.0,259,@CBS
0.4939,0.0,0.856,0.144,260,@CBS
0.0,0.0,1.0,0.0,261,@CBS
0.0,0.0,1.0,0.0,262,@CBS
-0.5106,0.231,0.769,0.0,263,@CBS
-0.4019,0.31,0.69,0.0,264,@CBS
0.0,0.0,1.0,0.0,265,@CBS
0.0,0.0,1.0,0.0,266,@CBS
0.6679,0.0,0.719,0.281,267,@CBS
-0.1779,0.159,0.841,0.0,268,@CBS
-0.34,0.185,0.815,0.0,269,@CBS
-0.6249,0.274,0.622,0.104,270,@CBS
0.0,0.0,1.0,0.0,271,@CBS
0.0,0.0,1.0,0.0,272,@CBS
0.0,0.0,1.0,0.0,273,@CBS
0.0,0.0,1.0,0.0,274,@CBS
-0.6249,0.313,0.687,0.0,275,@CBS
0.7351,0.0,0.69,0.31,276,@CBS
-0.508,0.247,0.753,0.0,277,@CBS
0.0,0.0,1.0,0.0,278,@CBS
0.4767,0.0,0.846,0.154,279,@CBS
0.0,0.0,1.0,0.0,280,@CBS
0.8122,0.0,0.67,0.33,281,@CBS
0.4404,0.0,0.756,0.244,282,@CBS
0.5972,0.0,0.823,0.177,283,@CBS
0.4939,0.0,0.849,0.151,284,@CBS
0.0,0.0,1.0,0.0,285,@CBS
-0.8658,0.471,0.529,0.0,286,@CBS
0.0,0.0,1.0,0.0,287,@CBS
-0.296,0.099,0.901,0.0,288,@CBS
0.0,0.0,1.0,0.0,289,@CBS
0.0,0.0,1.0,0.0,290,@CBS
-0.6486,0.235,0.765,0.0,291,@CBS
-0.25,0.095,0.905,0.0,292,@CBS
0.6679,0.0,0.687,0.313,293,@CBS
0.0,0.0,1.0,0.0,294,@CBS
0.3885,0.0,0.859,0.141,295,@CBS
0.0,0.0,1.0,0.0,296,@CBS
0.0,0.0,1.0,0.0,297,@CBS
0.0,0.0,1.0,0.0,298,@CBS
0.0,0.0,1.0,0.0,299,@CBS
0.0,0.0,1.0,0.0,300,@CBS
0.0,0.0,1.0,0.0,301,@CBS
0.0,0.0,1.0,0.0,302,@CBS
0.0,0.0,1.0,0.0,303,@CBS
0.4003,0.0,0.881,0.119,304,@CBS
0.0,0.0,1.0,0.0,305,@CBS
0.296,0.0,0.761,0.239,306,@CBS
0.4003,0.0,0.881,0.119,307,@CBS
0.34,0.0,0.87,0.13,308,@CBS
0.0,0.0,1.0,0.0,309,@CBS
0.0,0.0,1.0,0.0,310,@CBS
-0.7088,0.252,0.656,0.092,311,@CBS
0.0,0.0,1.0,0.0,312,@CBS
0.0,0.0,1.0,0.0,313,@CBS
0.0,0.0,1.0,0.0,314,@CBS
-0.0258,0.121,0.762,0.117,315,@CBS
0.0,0.0,1.0,0.0,316,@CBS
-0.5214,0.194,0.806,0.0,317,@CBS
0.0,0.0,1.0,0.0,318,@CBS
0.0,0.0,1.0,0.0,319,@CBS
-0.5267,0.195,0.805,0.0,320,@CBS
-0.8217,0.655,0.345,0.0,321,@CBS
0.0,0.0,1.0,0.0,322,@CBS
0.0,0.0,1.0,0.0,323,@CBS
0.0,0.0,1.0,0.0,324,@CBS
0.6588,0.0,0.532,0.468,325,@CBS
-0.296,0.306,0.694,0.0,326,@CBS
-0.8103,0.317,0.683,0.0,327,@CBS
0.4449,0.0,0.883,0.117,328,@CBS
0.0,0.0,1.0,0.0,329,@CBS
-0.5423,0.212,0.788,0.0,330,@CBS
0.6249,0.0,0.785,0.215,331,@CBS
0.0,0.0,1.0,0.0,332,@CBS
0.0,0.0,1.0,0.0,333,@CBS
0.0,0.0,1.0,0.0,334,@CBS
0.4215,0.0,0.682,0.318,335,@CBS
0.8398,0.0,0.556,0.444,336,@CBS
0.6369,0.0,0.755,0.245,337,@CBS
-0.4588,0.16,0.84,0.0,338,@CBS
0.0,0.0,1.0,0.0,339,@CBS
-0.6808,0.277,0.723,0.0,340,@CBS
0.7351,0.0,0.592,0.408,341,@CBS
0.8164,0.0,0.695,0.305,342,@CBS
0.0,0.0,1.0,0.0,343,@CBS
0.5622,0.0,0.734,0.266,344,@CBS
0.0,0.0,1.0,0.0,345,@CBS
0.0,0.0,1.0,0.0,346,@CBS
0.5267,0.055,0.78,0.165,347,@CBS
0.0,0.0,1.0,0.0,348,@CBS
0.0,0.0,1.0,0.0,349,@CBS
-0.1511,0.336,0.385,0.279,350,@CBS
-0.3182,0.277,0.723,0.0,351,@CBS
0.0,0.0,1.0,0.0,352,@CBS
0.0,0.0,1.0,0.0,353,@CBS
0.0,0.0,1.0,0.0,354,@CBS
0.128,0.0,0.936,0.064,355,@CBS
0.0279,0.142,0.749,0.109,356,@CBS
0.0,0.0,1.0,0.0,357,@CBS
-0.4574,0.327,0.517,0.155,358,@CBS
0.0,0.0,1.0,0.0,359,@CBS
0.4939,0.0,0.856,0.144,360,@CBS
0.0,0.0,1.0,0.0,361,@CBS
0.0,0.0,1.0,0.0,362,@CBS
-0.5106,0.231,0.769,0.0,363,@CBS
-0.4019,0.31,0.69,0.0,364,@CBS
0.0,0.0,1.0,0.0,365,@CBS
0.0,0.0,1.0,0.0,366,@CBS
0.6679,0.0,0.719,0.281,367,@CBS
-0.1779,0.159,0.841,0.0,368,@CBS
-0.34,0.185,0.815,0.0,369,@CBS
-0.6249,0.274,0.622,0.104,370,@CBS
0.0,0.0,1.0,0.0,371,@CBS
0.0,0.0,1.0,0.0,372,@CBS
0.0,0.0,1.0,0.0,373,@CBS
0.0,0.0,1.0,0.0,374,@CBS
-0.6249,0.313,0.687,0.0,375,@CBS
0.7351,0.0,0.69,0.31,376,@CBS
-0.508,0.247,0.753,0.0,377,@CBS
0.0,0.0,1.0,0.0,378,@CBS
0.4767,0.0,0.846,0.154,379,@CBS
0.0,0.0,1.0,0.0,380,@CBS
0.8122,0.0,0.67,0.33,381,@CBS
0.4404,0.0,0.756,0.244,382,@CBS
0.5972,0.0,0.823,0.177,383,@CBS
0.4939,0.0,0.849,0.151,384,@CBS
0.0,0.0,1.0,0.0,385,@CBS
-0.8658,0.471,0.529,0.0,386,@CBS
0.0,0.0,1.0,0.0,387,@CBS
-0.296,0.099,0.901,0.0,388,@CBS
0.0,0.0,1.0,0.0,389,@CBS
0.0,0.0,1.0,0.0,390,@CBS
-0.6486,0.235,0.765,0.0,391,@CBS
-0.25,0.095,0.905,0.0,392,@CBS
0.6679,0.0,0.687,0.313,393,@CBS
0.0,0.0,1.0,0.0,394,@CBS
0.3885,0.0,0.859,0.141,395,@CBS
0.0,0.0,1.0,0.0,396,@CBS
0.0,0.0,1.0,0.0,397,@CBS
0.0,0.0,1.0,0.0,398,@CBS
0.0,0.0,1.0,0.0,399,@CBS
0.0,0.0,1.0,0.0,400,@CBS
0.0,0.0,1.0,0.0,401,@CNN
0.0,0.0,1.0,0.0,402,@CNN
0.0516,0.121,0.75,0.129,403,@CNN
0.0,0.0,1.0,0.0,404,@CNN
0.2023,0.0,0.921,0.079,405,@CNN
-0.6808,0.605,0.395,0.0,406,@CNN
-0.7269,0.353,0.647,0.0,407,@CNN
0.6486,0.101,0.637,0.262,408,@CNN
-0.3875,0.141,0.859,0.0,409,@CNN
-0.25,0.191,0.679,0.13,410,@CNN
0.8268,0.0,0.697,0.303,411,@CNN
0.4926,0.0,0.862,0.138,412,@CNN
-0.743,0.24,0.76,0.0,413,@CNN
0.0,0.0,1.0,0.0,414,@CNN
0.34,0.0,0.815,0.185,415,@CNN
0.0,0.0,1.0,0.0,416,@CNN
0.0,0.0,1.0,0.0,417,@CNN
0.4404,0.0,0.868,0.132,418,@CNN
-0.6739,0.178,0.822,0.0,419,@CNN
0.0,0.0,1.0,0.0,420,@CNN
0.8268,0.0,0.697,0.303,421,@CNN
-0.1027,0.147,0.733,0.12,422,@CNN
-0.3818,0.271,0.729,0.0,423,@CNN
-0.6369,0.215,0.785,0.0,424,@CNN
0.0,0.0,1.0,0.0,425,@CNN
-0.8481,0.338,0.662,0.0,426,@CNN
-0.3818,0.178,0.822,0.0,427,@CNN
0.7096,0.0,0.796,0.204,428,@CNN
0.6369,0.0,0.781,0.219,429,@CNN
0.0,0.0,1.0,0.0,430,@CNN
0.872,0.0,0.586,0.414,431,@CNN
0.6249,0.0,0.854,0.146,432,@CNN
0.128,0.0,0.88,0.12,433,@CNN
0.7096,0.0,0.796,0.204,434,@CNN
0.7096,0.0,0.796,0.204,435,@CNN
0.0,0.0,1.0,0.0,436,@CNN
-0.7506,0.561,0.439,0.0,437,@CNN
-0.6486,0.227,0.773,0.0,438,@CNN
0.6369,0.0,0.781,0.219,439,@CNN
0.0,0.0,1.0,0.0,440,@CNN
0.6369,0.0,0.682,0.318,441,@CNN
0.2263,0.0,0.905,0.095,442,@CNN
0.5994,0.0,0.83,0.17,443,@CNN
0.2023,0.0,0.526,0.474,444,@CNN
0.0,0.0,1.0,0.0,445,@CNN
0.0772,0.0,0.944,0.056,446,@CNN
0.0,0.0,1.0,0.0,447,@CNN
0.0,0.0,1.0,0.0,448,@CNN
0.34,0.0,0.888,0.112,449,@CNN
0.0772,0.0,0.944,0.056,450,@CNN
-0.8979,0.362,0.638,0.0,451,@CNN
0.4939,0.0,0.789,0.211,452,@CNN
0.0,0.0,1.0,0.0,453,@CNN
0.0,0.0,1.0,0.0,454,@CNN
0.0,0.0,1.0,0.0,455,@CNN
0.7269,0.0,0.757,0.243,456,@CNN
0.3453,0.11,0.688,0.202,457,@CNN
-0.5267,0.139,0.861,0.0,458,@CNN
0.3612,0.0,0.906,0.094,459,@CNN
0.7096,0.0,0.796,0.204,460,@CNN
0.2235,0.0,0.91,0.09,461,@CNN
-0.5267,0.152,0.848,0.0,462,@CNN
-0.4927,0.151,0.849,0.0,463,@CNN
0.0772,0.0,0.944,0.056,464,@CNN
0.0,0.0,1.0,0.0,465,@CNN
-0.8625,0.37,0.497,0.133,466,@CNN
0.0777,0.114,0.758,0.128,467,@CNN
0.7096,0.0,0.796,0.204,468,@CNN
-0.2732,0.119,0.881,0.0,469,@CNN
0.2023,0.0,0.921,0.079,470,@CNN
0.0,0.0,1.0,0.0,471,@CNN
-0.3182,0.277,0.723,0.0,472,@CNN
0.0,0.0,1.0,0.0,473,@CNN
-0.5759,0.171,0.829,0.0,474,@CNN
-0.0258,0.125,0.755,0.121,475,@CNN
0.0,0.0,1.0,0.0,476,@CNN
0.0,0.0,1.0,0.0,477,@CNN
0.4404,0.0,0.847,0.153,478,@CNN
0.0,0.0,1.0,0.0,479,@CNN
0.6249,0.0,0.854,0.146,480,@CNN
0.4767,0.0,0.853,0.147,481,@CNN
0.5719,0.0,0.654,0.346,482,@CNN
0.6939,0.0,0.728,0.272,483,@CNN
0.0516,0.121,0.75,0.129,484,@CNN
-0.5859,0.27,0.73,0.0,485,@CNN
0.2732,0.0,0.89,0.11,486,@CNN
-0.3182,0.187,0.813,0.0,487,@CNN
0.4753,0.0,0.795,0.205,488,@CNN
0.0,0.0,1.0,0.0,489,@CNN
0.0,0.0,1.0,0.0,490,@CNN
-0.34,0.107,0.893,0.0,491,@CNN
-0.698,0.419,0.581,0.0,492,@CNN
0.2023,0.0,0.921,0.079,493,@CNN
0.0,0.0,1.0,0.0,494,@CNN
0.538,0.096,0.686,0.217,495,@CNN
-0.5267,0.196,0.804,0.0,496,@CNN
0.6705,0.107,0.602,0.291,497,@CNN
0.6249,0.0,0.854,0.146,498,@CNN
0.0,0.0,1.0,0.0,499,@CNN
0.4404,0.0,0.791,0.209,500,@CNN
-0.4545,0.306,0.694,0.0,501,@CNN
0.0,0.0,1.0,0.0,502,@CNN
0.0,0.0,1.0,0.0,503,@CNN
0.0516,0.121,0.75,0.129,504,@CNN
0.0,0.0,1.0,0.0,505,@CNN
0.2023,0.0,0.921,0.079,506,@CNN
-0.6808,0.605,0.395,0.0,507,@CNN
-0.7269,0.353,0.647,0.0,508,@CNN
0.6486,0.101,0.637,0.262,509,@CNN
-0.3875,0.141,0.859,0.0,510,@CNN
-0.25,0.191,0.679,0.13,511,@CNN
0.8268,0.0,0.697,0.303,512,@CNN
0.4926,0.0,0.862,0.138,513,@CNN
-0.743,0.24,0.76,0.0,514,@CNN
0.0,0.0,1.0,0.0,515,@CNN
0.34,0.0,0.815,0.185,516,@CNN
0.0,0.0,1.0,0.0,517,@CNN
0.0,0.0,1.0,0.0,518,@CNN
0.4404,0.0,0.868,0.132,519,@CNN
-0.6739,0.178,0.822,0.0,520,@CNN
0.0,0.0,1.0,0.0,521,@CNN
0.8268,0.0,0.697,0.303,522,@CNN
-0.1027,0.147,0.733,0.12,523,@CNN
-0.3818,0.271,0.729,0.0,524,@CNN
-0.6369,0.215,0.785,0.0,525,@CNN
0.0,0.0,1.0,0.0,526,@CNN
-0.8481,0.338,0.662,0.0,527,@CNN
-0.3818,0.178,0.822,0.0,528,@CNN
0.7096,0.0,0.796,0.204,529,@CNN
0.6369,0.0,0.781,0.219,530,@CNN
0.0,0.0,1.0,0.0,531,@CNN
0.872,0.0,0.586,0.414,532,@CNN
0.6249,0.0,0.854,0.146,533,@CNN
0.128,0.0,0.88,0.12,534,@CNN
0.7096,0.0,0.796,0.204,535,@CNN
0.7096,0.0,0.796,0.204,536,@CNN
0.0,0.0,1.0,0.0,537,@CNN
-0.7506,0.561,0.439,0.0,538,@CNN
-0.6486,0.227,0.773,0.0,539,@CNN
0.6369,0.0,0.781,0.219,540,@CNN
0.0,0.0,1.0,0.0,541,@CNN
0.6369,0.0,0.682,0.318,542,@CNN
0.2263,0.0,0.905,0.095,543,@CNN
0.5994,0.0,0.83,0.17,544,@CNN
0.2023,0.0,0.526,0.474,545,@CNN
0.0,0.0,1.0,0.0,546,@CNN
0.0772,0.0,0.944,0.056,547,@CNN
0.0,0.0,1.0,0.0,548,@CNN
0.0,0.0,1.0,0.0,549,@CNN
0.34,0.0,0.888,0.112,550,@CNN
0.0772,0.0,0.944,0.056,551,@CNN
-0.8979,0.362,0.638,0.0,552,@CNN
0.4939,0.0,0.789,0.211,553,@CNN
0.0,0.0,1.0,0.0,554,@CNN
0.0,0.0,1.0,0.0,555,@CNN
0.0,0.0,1.0,0.0,556,@CNN
0.7269,0.0,0.757,0.243,557,@CNN
0.3453,0.11,0.688,0.202,558,@CNN
-0.5267,0.139,0.861,0.0,559,@CNN
0.3612,0.0,0.906,0.094,560,@CNN
0.7096,0.0,0.796,0.204,561,@CNN
0.2235,0.0,0.91,0.09,562,@CNN
-0.5267,0.152,0.848,0.0,563,@CNN
-0.4927,0.151,0.849,0.0,564,@CNN
0.0772,0.0,0.944,0.056,565,@CNN
0.0,0.0,1.0,0.0,566,@CNN
-0.8625,0.37,0.497,0.133,567,@CNN
0.0777,0.114,0.758,0.128,568,@CNN
0.7096,0.0,0.796,0.204,569,@CNN
-0.2732,0.119,0.881,0.0,570,@CNN
0.2023,0.0,0.921,0.079,571,@CNN
0.0,0.0,1.0,0.0,572,@CNN
-0.3182,0.277,0.723,0.0,573,@CNN
0.0,0.0,1.0,0.0,574,@CNN
-0.5759,0.171,0.829,0.0,575,@CNN
-0.0258,0.125,0.755,0.121,576,@CNN
0.0,0.0,1.0,0.0,577,@CNN
0.0,0.0,1.0,0.0,578,@CNN
0.4404,0.0,0.847,0.153,579,@CNN
0.0,0.0,1.0,0.0,580,@CNN
0.6249,0.0,0.854,0.146,581,@CNN
0.4767,0.0,0.853,0.147,582,@CNN
0.5719,0.0,0.654,0.346,583,@CNN
0.6939,0.0,0.728,0.272,584,@CNN
0.0516,0.121,0.75,0.129,585,@CNN
-0.5859,0.27,0.73,0.0,586,@CNN
0.2732,0.0,0.89,0.11,587,@CNN
-0.3182,0.187,0.813,0.0,588,@CNN
0.4753,0.0,0.795,0.205,589,@CNN
0.0,0.0,1.0,0.0,590,@CNN
0.0,0.0,1.0,0.0,591,@CNN
-0.34,0.107,0.893,0.0,592,@CNN
-0.698,0.419,0.581,0.0,593,@CNN
0.2023,0.0,0.921,0.079,594,@CNN
0.0,0.0,1.0,0.0,595,@CNN
0.538,0.096,0.686,0.217,596,@CNN
-0.5267,0.196,0.804,0.0,597,@CNN
0.6705,0.107,0.602,0.291,598,@CNN
0.6249,0.0,0.854,0.146,599,@CNN
0.0,0.0,1.0,0.0,600,@CNN
0.0,0.0,1.0,0.0,601,@FoxNews
0.0,0.0,1.0,0.0,602,@FoxNews
0.7096,0.0,0.742,0.258,603,@FoxNews
-0.4019,0.201,0.711,0.088,604,@FoxNews
0.7269,0.0,0.663,0.337,605,@FoxNews
-0.4912,0.158,0.842,0.0,606,@FoxNews
0.4404,0.0,0.791,0.209,607,@FoxNews
0.2411,0.143,0.656,0.201,608,@FoxNews
0.3612,0.0,0.872,0.128,609,@FoxNews
0.3182,0.0,0.753,0.247,610,@FoxNews
0.0,0.0,1.0,0.0,611,@FoxNews
0.0,0.0,1.0,0.0,612,@FoxNews
-0.5267,0.148,0.795,0.057,613,@FoxNews
-0.6908,0.341,0.659,0.0,614,@FoxNews
0.1531,0.0,0.929,0.071,615,@FoxNews
-0.5267,0.148,0.795,0.057,616,@FoxNews
0.3612,0.0,0.815,0.185,617,@FoxNews
-0.5719,0.226,0.681,0.093,618,@FoxNews
0.0516,0.119,0.754,0.127,619,@FoxNews
0.128,0.096,0.786,0.118,620,@FoxNews
0.3818,0.0,0.885,0.115,621,@FoxNews
0.2263,0.099,0.733,0.168,622,@FoxNews
-0.2023,0.161,0.738,0.101,623,@FoxNews
0.3818,0.106,0.72,0.174,624,@FoxNews
0.4184,0.0,0.872,0.128,625,@FoxNews
0.6553,0.0,0.797,0.203,626,@FoxNews
0.0,0.0,1.0,0.0,627,@FoxNews
0.6908,0.0,0.787,0.213,628,@FoxNews
0.3818,0.106,0.72,0.174,629,@FoxNews
0.0,0.0,1.0,0.0,630,@FoxNews
0.0,0.0,1.0,0.0,631,@FoxNews
0.0,0.0,1.0,0.0,632,@FoxNews
0.4215,0.0,0.865,0.135,633,@FoxNews
0.0,0.0,1.0,0.0,634,@FoxNews
-0.5719,0.226,0.681,0.093,635,@FoxNews
0.4019,0.0,0.876,0.124,636,@FoxNews
-0.5994,0.302,0.698,0.0,637,@FoxNews
0.9168,0.0,0.541,0.459,638,@FoxNews
-0.296,0.167,0.721,0.113,639,@FoxNews
-0.4898,0.185,0.815,0.0,640,@FoxNews
-0.5423,0.163,0.837,0.0,641,@FoxNews
-0.8264,0.311,0.689,0.0,642,@FoxNews
0.25,0.16,0.617,0.222,643,@FoxNews
0.3182,0.0,0.874,0.126,644,@FoxNews
-0.2263,0.132,0.769,0.099,645,@FoxNews
0.4215,0.0,0.811,0.189,646,@FoxNews
-0.2732,0.116,0.884,0.0,647,@FoxNews
0.0,0.0,1.0,0.0,648,@FoxNews
-0.6597,0.265,0.735,0.0,649,@FoxNews
0.3182,0.086,0.769,0.145,650,@FoxNews
0.5859,0.0,0.826,0.174,651,@FoxNews
0.128,0.096,0.786,0.118,652,@FoxNews
0.7269,0.0,0.663,0.337,653,@FoxNews
0.0,0.0,1.0,0.0,654,@FoxNews
-0.5267,0.148,0.795,0.057,655,@FoxNews
-0.5267,0.148,0.795,0.057,656,@FoxNews
0.0,0.0,1.0,0.0,657,@FoxNews
-0.5267,0.148,0.795,0.057,658,@FoxNews
0.0,0.0,1.0,0.0,659,@FoxNews
0.2732,0.0,0.896,0.104,660,@FoxNews
0.0,0.0,1.0,0.0,661,@FoxNews
0.0,0.0,1.0,0.0,662,@FoxNews
0.3987,0.0,0.839,0.161,663,@FoxNews
0.0,0.0,1.0,0.0,664,@FoxNews
0.4703,0.0,0.855,0.145,665,@FoxNews
0.0,0.0,1.0,0.0,666,@FoxNews
0.0772,0.093,0.802,0.105,667,@FoxNews
0.0,0.0,1.0,0.0,668,@FoxNews
0.0,0.0,1.0,0.0,669,@FoxNews
-0.4019,0.109,0.891,0.0,670,@FoxNews
0.6908,0.0,0.787,0.213,671,@FoxNews
-0.34,0.124,0.876,0.0,672,@FoxNews
-0.4137,0.165,0.835,0.0,673,@FoxNews
-0.4753,0.192,0.808,0.0,674,@FoxNews
-0.4939,0.225,0.775,0.0,675,@FoxNews
0.0,0.0,1.0,0.0,676,@FoxNews
0.8196,0.0,0.745,0.255,677,@FoxNews
0.3818,0.106,0.72,0.174,678,@FoxNews
0.0,0.0,1.0,0.0,679,@FoxNews
-0.3182,0.173,0.827,0.0,680,@FoxNews
0.2732,0.0,0.811,0.189,681,@FoxNews
0.2732,0.0,0.896,0.104,682,@FoxNews
0.3612,0.0,0.783,0.217,683,@FoxNews
-0.5267,0.148,0.795,0.057,684,@FoxNews
0.0,0.0,1.0,0.0,685,@FoxNews
-0.5719,0.226,0.681,0.093,686,@FoxNews
-0.1027,0.181,0.692,0.127,687,@FoxNews
0.0,0.0,1.0,0.0,688,@FoxNews
0.0,0.0,1.0,0.0,689,@FoxNews
-0.5106,0.18,0.82,0.0,690,@FoxNews
-0.5574,0.265,0.735,0.0,691,@FoxNews
0.0,0.0,1.0,0.0,692,@FoxNews
0.0,0.0,1.0,0.0,693,@FoxNews
-0.1759,0.297,0.703,0.0,694,@FoxNews
-0.5267,0.148,0.795,0.057,695,@FoxNews
0.6908,0.0,0.787,0.213,696,@FoxNews
0.5859,0.0,0.817,0.183,697,@FoxNews
0.0,0.0,1.0,0.0,698,@FoxNews
0.0,0.0,1.0,0.0,699,@FoxNews
0.0,0.0,1.0,0.0,700,@FoxNews
-0.5574,0.286,0.714,0.0,701,@FoxNews
0.0,0.0,1.0,0.0,702,@FoxNews
0.0,0.0,1.0,0.0,703,@FoxNews
0.0,0.0,1.0,0.0,704,@FoxNews
0.0,0.0,1.0,0.0,705,@FoxNews
0.7096,0.0,0.742,0.258,706,@FoxNews
-0.4019,0.201,0.711,0.088,707,@FoxNews
0.7269,0.0,0.663,0.337,708,@FoxNews
-0.4912,0.158,0.842,0.0,709,@FoxNews
0.4404,0.0,0.791,0.209,710,@FoxNews
0.2411,0.143,0.656,0.201,711,@FoxNews
0.3612,0.0,0.872,0.128,712,@FoxNews
0.3182,0.0,0.753,0.247,713,@FoxNews
0.0,0.0,1.0,0.0,714,@FoxNews
0.0,0.0,1.0,0.0,715,@FoxNews
-0.5267,0.148,0.795,0.057,716,@FoxNews
-0.6908,0.341,0.659,0.0,717,@FoxNews
0.1531,0.0,0.929,0.071,718,@FoxNews
-0.5267,0.148,0.795,0.057,719,@FoxNews
0.3612,0.0,0.815,0.185,720,@FoxNews
-0.5719,0.226,0.681,0.093,721,@FoxNews
0.0516,0.119,0.754,0.127,722,@FoxNews
0.128,0.096,0.786,0.118,723,@FoxNews
0.3818,0.0,0.885,0.115,724,@FoxNews
0.2263,0.099,0.733,0.168,725,@FoxNews
-0.2023,0.161,0.738,0.101,726,@FoxNews
0.3818,0.106,0.72,0.174,727,@FoxNews
0.4184,0.0,0.872,0.128,728,@FoxNews
0.6553,0.0,0.797,0.203,729,@FoxNews
0.0,0.0,1.0,0.0,730,@FoxNews
0.6908,0.0,0.787,0.213,731,@FoxNews
0.3818,0.106,0.72,0.174,732,@FoxNews
0.0,0.0,1.0,0.0,733,@FoxNews
0.0,0.0,1.0,0.0,734,@FoxNews
0.0,0.0,1.0,0.0,735,@FoxNews
0.4215,0.0,0.865,0.135,736,@FoxNews
0.0,0.0,1.0,0.0,737,@FoxNews
-0.5719,0.226,0.681,0.093,738,@FoxNews
0.4019,0.0,0.876,0.124,739,@FoxNews
-0.5994,0.302,0.698,0.0,740,@FoxNews
0.9168,0.0,0.541,0.459,741,@FoxNews
-0.296,0.167,0.721,0.113,742,@FoxNews
-0.4898,0.185,0.815,0.0,743,@FoxNews
-0.5423,0.163,0.837,0.0,744,@FoxNews
-0.8264,0.311,0.689,0.0,745,@FoxNews
0.25,0.16,0.617,0.222,746,@FoxNews
0.3182,0.0,0.874,0.126,747,@FoxNews
-0.2263,0.132,0.769,0.099,748,@FoxNews
0.4215,0.0,0.811,0.189,749,@FoxNews
-0.2732,0.116,0.884,0.0,750,@FoxNews
0.0,0.0,1.0,0.0,751,@FoxNews
-0.6597,0.265,0.735,0.0,752,@FoxNews
0.3182,0.086,0.769,0.145,753,@FoxNews
0.5859,0.0,0.826,0.174,754,@FoxNews
0.128,0.096,0.786,0.118,755,@FoxNews
0.7269,0.0,0.663,0.337,756,@FoxNews
0.0,0.0,1.0,0.0,757,@FoxNews
-0.5267,0.148,0.795,0.057,758,@FoxNews
-0.5267,0.148,0.795,0.057,759,@FoxNews
0.0,0.0,1.0,0.0,760,@FoxNews
-0.5267,0.148,0.795,0.057,761,@FoxNews
0.0,0.0,1.0,0.0,762,@FoxNews
0.2732,0.0,0.896,0.104,763,@FoxNews
0.0,0.0,1.0,0.0,764,@FoxNews
0.0,0.0,1.0,0.0,765,@FoxNews
0.3987,0.0,0.839,0.161,766,@FoxNews
0.0,0.0,1.0,0.0,767,@FoxNews
0.4703,0.0,0.855,0.145,768,@FoxNews
0.0,0.0,1.0,0.0,769,@FoxNews
0.0772,0.093,0.802,0.105,770,@FoxNews
0.0,0.0,1.0,0.0,771,@FoxNews
0.0,0.0,1.0,0.0,772,@FoxNews
-0.4019,0.109,0.891,0.0,773,@FoxNews
0.6908,0.0,0.787,0.213,774,@FoxNews
-0.34,0.124,0.876,0.0,775,@FoxNews
-0.4137,0.165,0.835,0.0,776,@FoxNews
-0.4753,0.192,0.808,0.0,777,@FoxNews
-0.4939,0.225,0.775,0.0,778,@FoxNews
0.0,0.0,1.0,0.0,779,@FoxNews
0.8196,0.0,0.745,0.255,780,@FoxNews
0.3818,0.106,0.72,0.174,781,@FoxNews
0.0,0.0,1.0,0.0,782,@FoxNews
-0.3182,0.173,0.827,0.0,783,@FoxNews
0.2732,0.0,0.811,0.189,784,@FoxNews
0.2732,0.0,0.896,0.104,785,@FoxNews
0.3612,0.0,0.783,0.217,786,@FoxNews
-0.5267,0.148,0.795,0.057,787,@FoxNews
0.0,0.0,1.0,0.0,788,@FoxNews
-0.5719,0.226,0.681,0.093,789,@FoxNews
-0.1027,0.181,0.692,0.127,790,@FoxNews
0.0,0.0,1.0,0.0,791,@FoxNews
0.0,0.0,1.0,0.0,792,@FoxNews
-0.5106,0.18,0.82,0.0,793,@FoxNews
-0.5574,0.265,0.735,0.0,794,@FoxNews
0.0,0.0,1.0,0.0,795,@FoxNews
0.0,0.0,1.0,0.0,796,@FoxNews
-0.1759,0.297,0.703,0.0,797,@FoxNews
-0.5267,0.148,0.795,0.057,798,@FoxNews
0.6908,0.0,0.787,0.213,799,@FoxNews
0.5859,0.0,0.817,0.183,800,@FoxNews
0.0,0.0,1.0,0.0,801,@nytimes
0.0,0.0,1.0,0.0,802,@nytimes
0.0,0.0,1.0,0.0,803,@nytimes
0.0,0.0,1.0,0.0,804,@nytimes
0.3182,0.089,0.766,0.145,805,@nytimes
0.0,0.0,1.0,0.0,806,@nytimes
-0.3818,0.098,0.902,0.0,807,@nytimes
0.3182,0.089,0.766,0.145,808,@nytimes
0.7263,0.113,0.498,0.389,809,@nytimes
-0.3875,0.18,0.82,0.0,810,@nytimes
-0.3818,0.098,0.902,0.0,811,@nytimes
0.3612,0.0,0.844,0.156,812,@nytimes
0.3182,0.089,0.766,0.145,813,@nytimes
0.5994,0.0,0.71,0.29,814,@nytimes
0.2023,0.0,0.893,0.107,815,@nytimes
0.2732,0.0,0.89,0.11,816,@nytimes
0.0,0.0,1.0,0.0,817,@nytimes
0.0,0.0,1.0,0.0,818,@nytimes
0.0,0.0,1.0,0.0,819,@nytimes
0.0,0.0,1.0,0.0,820,@nytimes
0.0,0.0,1.0,0.0,821,@nytimes
0.0,0.0,1.0,0.0,822,@nytimes
-0.3875,0.18,0.82,0.0,823,@nytimes
0.0,0.0,1.0,0.0,824,@nytimes
-0.3875,0.18,0.82,0.0,825,@nytimes
0.0,0.139,0.721,0.139,826,@nytimes
0.0,0.0,1.0,0.0,827,@nytimes
-0.296,0.18,0.82,0.0,828,@nytimes
-0.34,0.138,0.862,0.0,829,@nytimes
0.0,0.0,1.0,0.0,830,@nytimes
-0.3818,0.098,0.902,0.0,831,@nytimes
-0.4336,0.193,0.807,0.0,832,@nytimes
-0.34,0.138,0.862,0.0,833,@nytimes
-0.3818,0.098,0.902,0.0,834,@nytimes
-0.1779,0.134,0.866,0.0,835,@nytimes
0.0772,0.0,0.942,0.058,836,@nytimes
0.4404,0.0,0.884,0.116,837,@nytimes
0.0,0.0,1.0,0.0,838,@nytimes
0.0,0.0,1.0,0.0,839,@nytimes
-0.3818,0.098,0.902,0.0,840,@nytimes
0.0,0.0,1.0,0.0,841,@nytimes
-0.3875,0.18,0.82,0.0,842,@nytimes
-0.3875,0.18,0.82,0.0,843,@nytimes
0.0,0.0,1.0,0.0,844,@nytimes
-0.0772,0.126,0.762,0.112,845,@nytimes
-0.1027,0.135,0.865,0.0,846,@nytimes
0.0,0.0,1.0,0.0,847,@nytimes
0.0,0.0,1.0,0.0,848,@nytimes
0.0,0.0,1.0,0.0,849,@nytimes
0.0,0.0,1.0,0.0,850,@nytimes
0.0,0.0,1.0,0.0,851,@nytimes
0.745,0.0,0.717,0.283,852,@nytimes
-0.34,0.138,0.862,0.0,853,@nytimes
0.0,0.0,1.0,0.0,854,@nytimes
-0.7506,0.274,0.726,0.0,855,@nytimes
-0.3875,0.18,0.82,0.0,856,@nytimes
0.0,0.0,1.0,0.0,857,@nytimes
-0.3875,0.18,0.82,0.0,858,@nytimes
0.0,0.0,1.0,0.0,859,@nytimes
0.3182,0.089,0.766,0.145,860,@nytimes
0.2244,0.0,0.914,0.086,861,@nytimes
0.3182,0.089,0.766,0.145,862,@nytimes
-0.3818,0.098,0.902,0.0,863,@nytimes
0.0,0.0,1.0,0.0,864,@nytimes
0.0,0.0,1.0,0.0,865,@nytimes
0.0,0.0,1.0,0.0,866,@nytimes
-0.6908,0.266,0.734,0.0,867,@nytimes
0.0,0.0,1.0,0.0,868,@nytimes
0.2023,0.121,0.714,0.165,869,@nytimes
0.0,0.0,1.0,0.0,870,@nytimes
0.624,0.0,0.746,0.254,871,@nytimes
0.0,0.0,1.0,0.0,872,@nytimes
-0.8316,0.458,0.42,0.122,873,@nytimes
0.3818,0.0,0.88,0.12,874,@nytimes
0.6946,0.0,0.792,0.208,875,@nytimes
-0.3875,0.18,0.82,0.0,876,@nytimes
0.6369,0.0,0.488,0.512,877,@nytimes
0.0,0.0,1.0,0.0,878,@nytimes
-0.5574,0.184,0.816,0.0,879,@nytimes
-0.3804,0.147,0.853,0.0,880,@nytimes
-0.3875,0.18,0.82,0.0,881,@nytimes
0.0,0.0,1.0,0.0,882,@nytimes
0.0,0.0,1.0,0.0,883,@nytimes
0.6981,0.0,0.677,0.323,884,@nytimes
0.0,0.0,1.0,0.0,885,@nytimes
0.6633,0.0,0.811,0.189,886,@nytimes
0.0,0.0,1.0,0.0,887,@nytimes
-0.4404,0.139,0.861,0.0,888,@nytimes
-0.34,0.118,0.882,0.0,889,@nytimes
0.0,0.0,1.0,0.0,890,@nytimes
0.8271,0.0,0.7,0.3,891,@nytimes
0.2023,0.0,0.893,0.107,892,@nytimes
0.0,0.0,1.0,0.0,893,@nytimes
0.3182,0.089,0.766,0.145,894,@nytimes
0.0,0.0,1.0,0.0,895,@nytimes
0.0,0.0,1.0,0.0,896,@nytimes
0.0,0.0,1.0,0.0,897,@nytimes
0.0,0.0,1.0,0.0,898,@nytimes
0.0,0.0,1.0,0.0,899,@nytimes
-0.4588,0.13,0.87,0.0,900,@nytimes
0.5242,0.0,0.727,0.273,901,@nytimes
0.0,0.0,1.0,0.0,902,@nytimes
0.0,0.0,1.0,0.0,903,@nytimes
0.0,0.0,1.0,0.0,904,@nytimes
0.0,0.0,1.0,0.0,905,@nytimes
0.0,0.0,1.0,0.0,906,@nytimes
0.3182,0.089,0.766,0.145,907,@nytimes
0.0,0.0,1.0,0.0,908,@nytimes
-0.3818,0.098,0.902,0.0,909,@nytimes
0.3182,0.089,0.766,0.145,910,@nytimes
0.7263,0.113,0.498,0.389,911,@nytimes
-0.3875,0.18,0.82,0.0,912,@nytimes
-0.3818,0.098,0.902,0.0,913,@nytimes
0.3612,0.0,0.844,0.156,914,@nytimes
0.3182,0.089,0.766,0.145,915,@nytimes
0.5994,0.0,0.71,0.29,916,@nytimes
0.2023,0.0,0.893,0.107,917,@nytimes
0.2732,0.0,0.89,0.11,918,@nytimes
0.0,0.0,1.0,0.0,919,@nytimes
0.0,0.0,1.0,0.0,920,@nytimes
0.0,0.0,1.0,0.0,921,@nytimes
0.0,0.0,1.0,0.0,922,@nytimes
0.0,0.0,1.0,0.0,923,@nytimes
0.0,0.0,1.0,0.0,924,@nytimes
-0.3875,0.18,0.82,0.0,925,@nytimes
0.0,0.0,1.0,0.0,926,@nytimes
-0.3875,0.18,0.82,0.0,927,@nytimes
0.0,0.139,0.721,0.139,928,@nytimes
0.0,0.0,1.0,0.0,929,@nytimes
-0.296,0.18,0.82,0.0,930,@nytimes
-0.34,0.138,0.862,0.0,931,@nytimes
0.0,0.0,1.0,0.0,932,@nytimes
-0.3818,0.098,0.902,0.0,933,@nytimes
-0.4336,0.193,0.807,0.0,934,@nytimes
-0.34,0.138,0.862,0.0,935,@nytimes
-0.3818,0.098,0.902,0.0,936,@nytimes
-0.1779,0.134,0.866,0.0,937,@nytimes
0.0772,0.0,0.942,0.058,938,@nytimes
0.4404,0.0,0.884,0.116,939,@nytimes
0.0,0.0,1.0,0.0,940,@nytimes
0.0,0.0,1.0,0.0,941,@nytimes
-0.3818,0.098,0.902,0.0,942,@nytimes
0.0,0.0,1.0,0.0,943,@nytimes
-0.3875,0.18,0.82,0.0,944,@nytimes
-0.3875,0.18,0.82,0.0,945,@nytimes
0.0,0.0,1.0,0.0,946,@nytimes
-0.0772,0.126,0.762,0.112,947,@nytimes
-0.1027,0.135,0.865,0.0,948,@nytimes
0.0,0.0,1.0,0.0,949,@nytimes
0.0,0.0,1.0,0.0,950,@nytimes
0.0,0.0,1.0,0.0,951,@nytimes
0.0,0.0,1.0,0.0,952,@nytimes
0.0,0.0,1.0,0.0,953,@nytimes
0.745,0.0,0.717,0.283,954,@nytimes
-0.34,0.138,0.862,0.0,955,@nytimes
0.0,0.0,1.0,0.0,956,@nytimes
-0.7506,0.274,0.726,0.0,957,@nytimes
-0.3875,0.18,0.82,0.0,958,@nytimes
0.0,0.0,1.0,0.0,959,@nytimes
-0.3875,0.18,0.82,0.0,960,@nytimes
0.0,0.0,1.0,0.0,961,@nytimes
0.3182,0.089,0.766,0.145,962,@nytimes
0.2244,0.0,0.914,0.086,963,@nytimes
0.3182,0.089,0.766,0.145,964,@nytimes
-0.3818,0.098,0.902,0.0,965,@nytimes
0.0,0.0,1.0,0.0,966,@nytimes
0.0,0.0,1.0,0.0,967,@nytimes
0.0,0.0,1.0,0.0,968,@nytimes
-0.6908,0.266,0.734,0.0,969,@nytimes
0.0,0.0,1.0,0.0,970,@nytimes
0.2023,0.121,0.714,0.165,971,@nytimes
0.0,0.0,1.0,0.0,972,@nytimes
0.624,0.0,0.746,0.254,973,@nytimes
0.0,0.0,1.0,0.0,974,@nytimes
-0.8316,0.458,0.42,0.122,975,@nytimes
0.3818,0.0,0.88,0.12,976,@nytimes
0.6946,0.0,0.792,0.208,977,@nytimes
-0.3875,0.18,0.82,0.0,978,@nytimes
0.6369,0.0,0.488,0.512,979,@nytimes
0.0,0.0,1.0,0.0,980,@nytimes
-0.5574,0.184,0.816,0.0,981,@nytimes
-0.3804,0.147,0.853,0.0,982,@nytimes
-0.3875,0.18,0.82,0.0,983,@nytimes
0.0,0.0,1.0,0.0,984,@nytimes
0.0,0.0,1.0,0.0,985,@nytimes
0.6981,0.0,0.677,0.323,986,@nytimes
0.0,0.0,1.0,0.0,987,@nytimes
0.6633,0.0,0.811,0.189,988,@nytimes
0.0,0.0,1.0,0.0,989,@nytimes
-0.4404,0.139,0.861,0.0,990,@nytimes
-0.34,0.118,0.882,0.0,991,@nytimes
0.0,0.0,1.0,0.0,992,@nytimes
0.8271,0.0,0.7,0.3,993,@nytimes
0.2023,0.0,0.893,0.107,994,@nytimes
0.0,0.0,1.0,0.0,995,@nytimes
0.3182,0.089,0.766,0.145,996,@nytimes
0.0,0.0,1.0,0.0,997,@nytimes
0.0,0.0,1.0,0.0,998,@nytimes
0.0,0.0,1.0,0.0,999,@nytimes
0.0,0.0,1.0,0.0,1000,@nytimes
